,Modification,Size,BPCY,WYIELD
0,{},0,0.049627795918285124,0.14888338775485568
