,Modification,Size,BPCY,WYIELD
0,{},0,0.04962779591828529,0.14888338775485566
1,{'b2529': 4},1,0.13108645403516786,0.09831484052637642
