,Modification,Size,BPCY,WYIELD
0,{'ATPM': 0},1,0.0503177688893142,0.15095330666794285
1,{},0,0.049627795918285214,0.14888338775485568
