,Modification,Size,BPCY,WYIELD
0,{'COBALT2tex': 4},1,0.13108645403516858,0.09831484052637661
