,Modification,Size,BPCY,WYIELD
0,{},0,0.045803930850008674,0.13741179255002597
