,Modification,Size,BPCY,WYIELD
0,{'ATPM': 0},1,0.04646166532016699,0.13938502114233509
