,Modification,Size,BPCY,WYIELD
0,{'EX_mobd_e': 0.5},1,0.0,0.0
1,{'MNtex': 4},1,0.12058477464788737,0.09043858098591567
