,Modification,Size,BPCY,WYIELD
0,{},0,0.1387123200401542,0.4161369601204633
