,Modification,Size,BPCY,WYIELD
0,{'b0774': 32},1,0.0,0.0
1,{'b3857': 2},1,0.24601535789913284,0.3690230368486994
