,Modification,Size,BPCY,WYIELD
0,{'ATPM': 0},1,0.14073609132187595,0.4222082739656285
