,Modification,Size,BPCY,WYIELD
0,{},0,0.046386448843592214,0.13915934653077688
