,Modification,Size,BPCY,WYIELD
0,{'b0827': 4},1,0.12252478639595868,0.09189358979696878
