,Modification,Size,BPCY,WYIELD
0,{'ATPM': 0},1,0.04705485946149125,0.14116457838447385
