,Modification,Size,BPCY,WYIELD
0,{},0,0.04897398894790701,0.1469219668437208
