,Modification,Size,BPCY,WYIELD
0,{'ATPM': 0},1,0.04967724476186049,0.1490317342855814
