,Modification,Size,BPCY,WYIELD
0,{},0,0.1368877746203848,0.4106633238611547
