,Modification,Size,BPCY,WYIELD
0,{'ATPM': 0},1,0.13885345324752982,0.41656035974259015
